[
    {
        "date": "2021-11-08 12:00",
        "teamOne": "/images/others/upcoming-game-thumb1.webp",
        "teamVs": "/images/others/game-vs1.webp",
        "teamTwo": "/images/others/upcoming-game-thumb2.webp",
        "title": "Ninja 360 Game 2022",
        "description": "08 Teams Registered",
        "stream": "Live Stream",
        "playBtn": "/images/others/play-btn2.webp",
        "playAlt": "Gaming BG",
        "src": "https://www.youtube.com/embed/eS9Qm4AOOBY",
        "autoplay": true,
        "slug": "1",
        "videoShapeBg": "/images/others/text-mini-shape.webp",
        "gamingBg": "/images/bg/gaming-bg1.webp",
        "gamingAlt": "Gaming BG",
        "playBtnOne": "/images/others/play-btn.webp",
        "shapeTitle": "Watch Live Streaming 1"
    },
    {
        "date": "2021-11-07 11:00",
        "teamOne": "/images/others/upcoming-game-thumb3.webp",
        "teamVs": "/images/others/game-vs2.webp",
        "teamTwo": "/images/others/upcoming-game-thumb4.webp",
        "title": "Skrit tournament 2022",
        "description": "08 Teams Registered today",
        "stream": "Youtube Stream",
        "playBtn": "/images/others/play-btn2.webp",
        "playAlt": "Gaming BG",
        "src": "https://www.youtube.com/embed/eS9Qm4AOOBY",
        "autoplay": true,
        "slug": "2",
        "videoShapeBg": "/images/others/text-mini-shape.webp",
        "gamingBg": "/images/bg/gaming-bg1.webp",
        "gamingAlt": "Gaming BG",
        "playBtnOne": "/images/others/play-btn.webp",
        "shapeTitle": "Watch Live Streaming 2"
    },
    {
        "date": "2021-11-09 10:00",
        "teamOne": "/images/others/upcoming-game-thumb5.webp",
        "teamVs": "/images/others/game-vs3.webp",
        "teamTwo": "/images/others/upcoming-game-thumb6.webp",
        "title": "Roar Spring Game 2022",
        "description": "08 Teams Registered",
        "stream": "Twitch Stream",
        "playBtn": "/images/others/play-btn2.webp",
        "playAlt": "Gaming BG",
        "src": "https://www.youtube.com/embed/eS9Qm4AOOBY",
        "autoplay": true,
        "slug": "3",
        "videoShapeBg": "/images/others/text-mini-shape.webp",
        "gamingBg": "/images/bg/gaming-bg1.webp",
        "gamingAlt": "Gaming BG",
        "playBtnOne": "/images/others/play-btn.webp",
        "shapeTitle": "Watch Live Streaming 3"
    },
    {
        "date": "2021-11-09 8:45",
        "teamOne": "/images/others/upcoming-game-thumb7.webp",
        "teamVs": "/images/others/game-vs1.webp",
        "teamTwo": "/images/others/upcoming-game-thumb8.webp",
        "title": "Space ship Game 2022",
        "description": "08 Teams Registered",
        "stream": "Youtube Stream",
        "playBtn": "/images/others/play-btn2.webp",
        "playAlt": "Gaming BG",
        "src": "https://www.youtube.com/embed/eS9Qm4AOOBY",
        "autoplay": true,
        "slug": "4",
        "videoShapeBg": "/images/others/text-mini-shape.webp",
        "gamingBg": "/images/bg/gaming-bg1.webp",
        "gamingAlt": "Gaming BG",
        "playBtnOne": "/images/others/play-btn.webp",
        "shapeTitle": "Watch Live Streaming 4"
    },
    {
        "date": "2021-11-09 9:30",
        "teamOne": "/images/others/upcoming-game-thumb9.webp",
        "teamVs": "/images/others/game-vs2.webp",
        "teamTwo": "/images/others/upcoming-game-thumb10.webp",
        "title": "Monster Game 2022",
        "description": "08 Teams Registered",
        "stream": "Youtube Stream",
        "playBtn": "/images/others/play-btn2.webp",
        "playAlt": "Gaming BG",
        "src": "https://www.youtube.com/embed/eS9Qm4AOOBY",
        "autoplay": true,
        "slug": "5",
        "videoShapeBg": "/images/others/text-mini-shape.webp",
        "gamingBg": "/images/bg/gaming-bg1.webp",
        "gamingAlt": "Gaming BG",
        "playBtnOne": "/images/others/play-btn.webp",
        "shapeTitle": "Watch Live Streaming 5"
    }
]