[
    {
        "clientImage": "/images/others/testimonial-thumb.webp",
        "description": "It is a long established fact that a reader will be distracted the readable content of page when looking at it layout the point using lorem Ipsum is that it has a more-or-less normal distribution lette as opposed to using making it look like readable english, many desktop publishing packages and web page now editors.",
        "name": "Randolph Frazier",
        "designation": "Top Rated Gamer"
    },
    {
        "clientImage": "/images/others/testimonial-thumb.webp",
        "description": "It is a long established fact that a reader will be distracted the readable content of page when looking at it layout the point using lorem Ipsum is that it has a more-or-less normal distribution lette as opposed to using making it look like readable english, many desktop publishing packages and web page now editors.",
        "name": "Randolph Frazier",
        "designation": "Top Rated Gamer"
    },
    {
        "clientImage": "/images/others/testimonial-thumb.webp",
        "description": "It is a long established fact that a reader will be distracted the readable content of page when looking at it layout the point using lorem Ipsum is that it has a more-or-less normal distribution lette as opposed to using making it look like readable english, many desktop publishing packages and web page now editors.",
        "name": "Randolph Frazier",
        "designation": "Top Rated Gamer"
    }
]